name,city,state,url
Alabama Mineral & Lapidary Society,Birmingham,Alabama,http://www.lapidaryclub.com/
Dothan Gem & Mineral Club,Dothan,Alabama,http://www.wiregrassrockhounds.com/
Huntsville Gem and Mineral Society,Huntsville,Alabama,http://huntsvillegms.org/
Mobile Rock & Gem Society,Mobile,Alabama,http://www.mobilerockandgem.com/
Montgomery Gem & Mineral Society,Montgomery,Alabama,http://montgomerygemandmineralsociety.com/mgms/
Chugach Gem & Mineral Society,Anchorage,Alaska,http://www.chugachgemandmineralsociety.com/
Mat-Su Rock and Mineral Club,Palmer,Alaska,http://matsurockclub.com/
Apache Junction Rock and Gem Club,Apache Junction,Arizona,http://www.ajrockclub.com/
Black Canyon City Rock Club,Black Canyon City,Arizona,http://www.bccrockclub.mysite.com/
Daisy Mountain Rock & Mineral Club,Anthem,Arizona,http://www.dmrmc.com/
Gila County Gem & Mineral Society,Miami,Arizona,http://gilagem.org/
Huachuca Mineral and Gem Club,Sierra Vista,Arizona,http://www.huachucamineralandgemclub.info/
Lake Havasu Gem & Mineral Society,Lake Havasu City,Arizona,http://www.lakehavasugms.org/
Mineralogical Society of Arizona,Scottsdale,Arizona,http://www.msaaz.org/
Mingus Gem & Mineral Club,Cottonwood,Arizona,http://www.mingusclub.org/
Mohave County Gemstoners,Kingman,Arizona,http://www.gemstoners.org/
Old Pueblo Lapidary Club,Tucson,Arizona,http://www.lapidaryclub.org/
Pinal Gem and Mineral Society,Coolidge,Arizona,https://www.pinalgeologymuseum.org/index.php/pinal-gem-mineral-society/about-pgms
Prescott Gem & Mineral Club,Prescott Valley,Arizona,http://www.prescottgemmineral.org/
Quartzsite Roadrunners Gem & Mineral Club,Quartzsite,Arizona,http://www.qrgmc.org/
Rockhounds West,Phoenix,Arizona,http://rockhounds.scwclubs.com/
Sedona Gem & Mineral Club,Sedona,Arizona,http://www.sedonagemandmineral.org/
Silvery Colorado River Rock Club,Bullhead City,Arizona,http://scrrc.blogspot.com/
Sunsites Gem and Mineral Club,Pearce,Arizona,https://sites.google.com/site/cochisecountyrock/
Tucson Gem and Mineral Society,Tucson,Arizona,http://www.tgms.org/
Verde River Rockhounds,Cottonwood,Arizona,http://www.verderiverrockhounds.com/
West Valley Rock & Mineral Club,Buckeye,Arizona,http://www.westvalleyrockandmineralclub.com/
White Mountain Gem & Mineral Club,Show Low,Arizona,http://whitemountain-azrockclub.org/
Wickenburg Gem and Mineral Society,Wickenburg,Arizona,http://www.wickenburggms.org/
"Central Arkansas Gem, Mineral and Geology Society",Little Rock,Arkansas,http://www.centralarrockhound.org/
Northwest Arkansas Gem & Mineral Society,Siloam Springs,Arkansas,http://www.nwarockhounds.org/
"Ozark Earth Science Gem, Mineral & Fossil Club",Mountain Home,Arkansas,https://www.ozarkearthscience.com/
Amador County Gem & Mineral Society,Sutter Creek,California,http://www.amadorgemandmineral.org/
American Opal Society,Anaheim,California,http://www.opalsociety.org/
Antelope Valley Gem and Mineral Club,Lancaster,California,http://avgem.weebly.com/
Antioch Lapidary Club,Antioch,California,http://www.antiochlapidaryclub.com/
Borrego Rock and Gem Club,Borrego Springs,California,http://www.abdnha.org/bragclub.html
Calaveras Gem & Mineral Society,Angels Camp,California,http://www.calaverasgemandmineral.org/
Carmel Valley Gem and Mineral Society,Pacific Grove,California,http://www.cvgms.rocks/
Central Coast Treasure Hunters Association,San Luis Obispo,California,http://www.cctha.org/
Coalinga Rockhound Society,Coalinga,California,https://sites.google.com/site/coalingarockhounds/
Conejo Gem & Mineral Club,Thousand Oaks,California,http://www.cgamc.org/
Contra Costa Mineral & Gem Society,Concord,California,http://www.ccmgs.org/
The Culver City Rock and Mineral Club,Culver City,California,http://culvercityrocks.org/
Del Air Rockhounds Club,Northridge,California,http://delairrockhounds.blogspot.com/
Delvers Gem & Mineral Society,Bellflower,California,https://delversgemclub.wordpress.com/
El Cajon Valley Gem & Mineral Society,El Cajon,California,http://www.ecvgms.org/
El Dorado County Mineral and Gem Society,Placerville,California,http://www.eldoradomineralandgem.org/
Faceters Guild of Southern California,Buena Park,California,http://www.fgosc.com/
"Fallbrook Gem and Mineral Society, Inc.",Fallbrook,California,http://www.fgms.org/FGMS/Home.html
Feather River Lapidary & Mineral Society,Oroville,California,http://www.featherriverrocks.org/
First Class Miners,Yucca Valley,California,http://www.firstclassminers.org/
"Fossils for Fun Society, Inc.",North Highlands,California,https://www.facebook.com/The-Fossils-for-Fun-Society-994879667246272/
Fresno Gem & Mineral Society,Fresno,California,http://fgms.us/
Gold Country Treasure Seekers,Placerville,California,https://goldcountrytreasureseekers.shutterfly.com/
Hi-Desert Rockhounds of Morongo Valley,Yucca Valley,California,http://www.hi-desertrockhounds.org/
Indian Wells Valley Gem & Mineral Society,Ridgecrest,California,http://indianwells.weebly.com/
Kern County Mineral Society,Bakersfield,California,http://kerncountymineralsociety.org/
Lemoore Gem and Mineral Club,Lemoore,California,https://www.facebook.com/Lemoore-Gem-and-Mineral-Club-706220872829687/
Livermore Valley Lithophiles,Livermore,California,http://www.lithophiles.com/
Lone Pine Gem & Mineral Society,Lone Pine,California,https://www.facebook.com/Lone-Pine-Gem-Mineral-Society-293512404044019/
Mariposa Gem & Mineral Club,Mariposa,California,https://mariposagemclub.org/
Mineral & Gem Society of Castro Valley,Hayward,California,http://www.mgscv.org/
Mineralogical Society of Southern California,Pasadena,California,http://www.mineralsocal.org/
Mojave Desert Gem & Mineral Society,Barstow,California,http://www.mdgms.net/
Monrovia Rock Hounds Inc.,Monrovia,California,http://www.moroks.com/
Mother Lode Mineral Society,Modesto,California,http://www.motherlodemineralsociety.com/
Needles Gem & Mineral Club,Mohave Valley,California,http://needlesgemmineralclub.blogspot.com/
Nevada County Gem & Mineral Society,Grass Valley,California,http://www.ncgms.org/
Northern California Geological Society,Orinda,California,http://www.ncgeolsoc.org/
North Orange County Gem & Mineral Society,La Habra,California,http://www.nocgms.com/
Orange Belt Mineralogical Society,San Bernardino,California,http://obmsrocks.yolasite.com/
Orcutt Mineral Society,Santa Maria,California,http://www.omsinc.org/
Oxnard Gem & Mineral Society,Oxnard,California,http://oxnardgem.com/home/
Palmdale Gem & Mineral Club,Palmdale,California,https://www.facebook.com/palmdalegemandmineralclub/
Palomar Gem & Mineral Club,Escondido,California,http://palomargem.org/
Palos Verdes Gem & Mineral Society,Rolling Hills Estates,California,http://www.palos-verdes-gem-and-mineral-society.org/
Paradise Gem & Mineral Club,Paradise,California,http://www.paradisegem.org/
Pasadena Lapidary Society,Pasadena,California,http://www.pasadenalapidarysociety.org/
"Peninsula Gem & Geology Society, Inc.",Los Altos,California,http://pggs.org/
Roseville Rock Rollers,Roseville,California,http://www.rockrollers.com/
Route 66 Gold Miners Inc,Brea,California,http://www.route66goldminers.org/
Sacramento Mineral Society,Sacramento,California,http://www.sacramentomineralsociety.org/
Sacramento Valley Detecting Buffs,North Highlands,California,http://www.sacramentovalleydetectingbuffs.com/
Salinas Valley Rock and Gem Club,Salinas,California,https://salinasrockandgem.pagecloud.com/
San Diego Gem and Mineral Society,San Diego,California,http://www.sdmg.org/
San Diego Lapidary Society,San Diego,California,http://sandiegolapidarysociety.org/
"San Francisco Gem and Mineral Society, Inc.",San Francisco,California,http://www.sfgms.org/
San Joaquin Valley Lapidary Society,Bakersfield,California,http://sjvls.blogspot.com/
San Luis Obispo Gem & Mineral Club,San Luis Obispo,California,http://www.slogem.org/
"Santa Ana Rock & Mineral Club, Inc.",Santa Ana,California,http://www.sarmclub.org/
Santa Clara Valley Gem & Mineral Society,San Jose,California,http://www.scvgms.org/
Santa Cruz Mineral and Gem Society,Santa Cruz,California,https://www.facebook.com/scmgs/
Santa Lucia Rockhounds,Paso Robles,California,http://www.slrockhounds.org/
"Santa Rosa Mineral And Gem Society, Inc.",Santa Rosa,California,http://www.srmgs.org/
Searchers Gem and Mineral Society,Anaheim,California,https://www.searchersrocks.org/
"Searles Lake Gem and Mineral Society, Inc.",Trona,California,http://www1.iwvisp.com/tronagemclub/
Sequoia Gem and Mineral Society,Redwood City,California,http://www.sequoiagemandmineralsociety.org/
Shadow Mountain Gem & Mineral Society,Palm Springs,California,http://www.shadowmountaingemmineral.org/
Shasta Gem & Mineral Society,Redding,California,http://www.shastagemandmineral.com/
Sierra Pelona Rock Club,Newhall,California,http://www.sierrapelona.com/
South Bay Lapidary & Mineral Society,Torrance,California,https://southbaylapidaryandmineralsociety.com/
South Orange County Gem & Mineral Society,San Clemente,California,https://www.facebook.com/South-Orange-County-Gem-Mineral-Society-255366124502612/
Southern California Paleontological Society,Los Angeles,California,http://socalpaleo.com/
Stockton Lapidary & Mineral Club,Stockton,California,http://www.stocktonlapidary.com/
Sutter Buttes Gem & Mineral Society,Marysville,California,https://sutterbuttesgemmin.org/
Tehachapi Valley Gem & Mineral Society,Tehachapi,California,http://www.tvgms.org/
Tule Gem and Mineral Society,Farmersville,California,http://www.tulegem.com/
Vallejo Gem & Mineral Society,Vallejo,California,http://www.vjgems.org/
"Valley Prospectors, Inc.",San Bernardino,California,https://www.valleyprospectors.com/
"Ventura Gem & Mineral Society, Inc",Ventura,California,http://vgms.org/
Victor Valley Gem and Mineral Club,Victorville,California,http://www.vvgmc.org/
Vista Gem & Mineral Society,Vista,California,http://www.vistarocks.org/
West Coast Prospectors & Treasure Hunters Association,Garden Grove,California,http://westcoasters.org/
West End Prospectors Corporation,Norco,California,http://www.wepcgold.com
"Whittier Gem and Mineral Society, Inc.",Whittier,California,http://wgmsca.com/index.html
"Woodland Hills Rock Chippers, Inc.",San Fernando Valley,California,http://www.rockchippers.org/
Yucaipa Valley Gem & Mineral Society,Yucaipa,California,http://www.yvgms.org/wiki/
Canon City Geology Club,Canon City,Colorado,http://www.canoncitygeologyclub.com/
Colorado Gold Camp,Frisco,Colorado,http://coloradogoldcamp.com/
Colorado Mineral Society,Lakewood,Colorado,http://www.coloradomineralsociety.org/
Colorado Prospector,Alamosa,Colorado,http://www.coloradoprospector.com/
Colorado Springs Mineral Society,Colorado Springs,Colorado,http://www.csms1936.com/
Columbine Gem and Mineral Society,Salida,Colorado,https://rockaholics.org/
Denver Gem and Mineral Guild,Denver,Colorado,http://denvergem.org/index.html
Flatirons Mineral Club,Boulder,Colorado,http://flatironsmineralclub.org/
Fort Collins Rockhounds,Fort Collins,Colorado,http://www.fortcollinsrockhounds.org/
Four Corners Gem & Mineral Club,Durango,Colorado,http://www.durangorocks.org/
Friends of Mineralogy - Colorado Chapter ,Denver,Colorado,http://friendsofmineralogycolorado.org/
Grand Junction Gem & Mineral Club,Grand Junction,Colorado,http://www.grandjunctionrockclub.org/
Lake George Gem & Mineral club,Lake George,Colorado,http://www.lggmclub.org/
"Littleton Gem and Mineral Club, Inc.",Littleton,Colorado,http://littletongemandmineralclub.com/
Mile High Rock and Mineral Society,Arvada,Colorado,http://www.milehirams.com/
North Jeffco Gem & Mineral Club,Arvada,Colorado,http://www.peaktopeak.com/njeffco/index.php
Pueblo Rockhounds,Pueblo,Colorado,http://www.pueblorockhounds.org/
Western Interior Paleontological Society,Denver,Colorado,http://www.westernpaleo.org/
Bristol Gem & Mineral Club,Bristol,Connecticut,http://bristolgem.org/
Danbury Mineralogical Society,Danbury,Connecticut,http://danburymineralogicalsociety.weebly.com/
Lapidary and Mineral Society of Central Connecticut,Meriden,Connecticut,http://www.lmscc.org/
New Haven Mineral Club,New Haven,Connecticut,http://www.newhavenmineralclub.org/
Stamford Mineralogical Society,Stamford,Connecticut,http://www.stamfordmineralsociety.org/
"Delaware Mineralogical Society, Inc.",Wilmington,Delaware,http://www.delminsociety.net/
Canaveral Mineral & Gem Society,Melbourne,Florida,http://www.canaveral-mgs.com/
Central Brevard Rock and Gem Club,Merritt Island,Florida,http://www.centralbrevardgems.org/
Central Florida Mineral and Gem Society,Winter Park,Florida,http://www.cfmgs.org/
Florida Fossil Hunters,Orlando,Florida,http://floridafossilhunters.com/
Florida Gold Coast Gem & Mineral Society,Hollywood,Florida,http://fgcgms.com/main/
Fossil Club of Lee County,Ft. Myers,Florida,http://www.fcolc.com/
Gainesville Gem & Mineral Society,Gainesville,Florida,http://gainesvillegms.weebly.com/
Gem and Mineral Society of the Palm Beaches,West Palm Beach,Florida,http://www.gemandmineralsociety.org/
"Imperial Bone Valley Gem, Mineral, & Fossil Society",Lakeland,Florida,http://www.bonevalley.net/
"Jacksonville Gem and Mineral Society, Inc.",Jacksonville,Florida,http://www.jaxgemandmineral.org/
"Miami Mineralogical and Lapidary Guild, Inc.",Miami,Florida,http://www.mmlg-inc.org/
Playground Gem and Mineral Society,Ft. Walton Beach,Florida,http://playgroundgem.org/
Southwest Florida Fossil Society,Punta Gorda,Florida,http://www.southwestfloridafossilsociety.org/
St Lucie County Rock and Gem Club,Port St Lucie,Florida,http://www.slcrockandgem.org/
Suncoast Gem and Mineral Society,St Petersburg,Florida,http://sgams.com/
Tampa Bay Fossil Club,Palm Harbor,Florida,http://www.tampabayfossilclub.com/
"Tampa Bay Mineral & Science Club, Inc.",Tampa,Florida,http://www.tampabayrockclub.com/
The Villages Gem and Mineral Society,The Villages,Florida,http://www.thevillagesgemandmineralsociety.com/
Tomoka Faceters Guild,Palm Coast,Florida,http://www.tomokafacetersguild.org/index.html
Withlacoochee Rockhounds,Spring Hill,Florida,http://www.withlacoocheerockhounds.com/
Athens Rock and Gem Club,Athens,Georgia,http://www.athensrockandgemclub.org/
Augusta Gem & Mineral Society,Augusta,Georgia,http://agams.club/
Cobb County Gem and Mineral Society,Marietta,Georgia,https://www.ccgms.org/
"Georgia Mineral Society, Inc.",Norcross,Georgia,http://www.gamineral.org/
Mid-Georgia Gem and Mineral Society,Macon,Georgia,http://midgagmsorg.ipage.com/
Rome Georgia Mineral Society Inc.,Rome,Georgia,https://rogams.wordpress.com/
"Hui Pohaku 'O Hawai'i Rock & Mineral Society of Hawai'i, Inc.",Honolulu,Hawaii,http://pohakugalore.net/Hui_pohaku/Hiu_pohaku_1.html
"Hells Canyon Gem Club, Inc.",Lewiston,Idaho,http://www.hellscanyongemclub.com/
Idaho Falls Gem & Mineral Society,Idaho Falls,Idaho,http://ifgemmineral.weebly.com/
"Idaho Gem Club, Inc.",Boise,Idaho,http://www.idahogemclub.com/
Magic Valley Gem Club,Twin Falls,Idaho,http://magicvalleygemclub.org/
North Idaho Mineral Club,Coeur d'Alene,Idaho,http://www.northidahomineralclub.com/
Owyhee Gem & Mineral Society,Caldwell,Idaho,http://www.owyheerocks.com/
Pend Oreille Rock and Gem Club,Oldtown,Idaho,https://pendoreillerockandgemclub.wordpress.com/
Southeast Idaho Gem and Mineral Society,Boise,Idaho,https://www.facebook.com/SEIGMS
Black Hawk Gem & Mineral Club,Rock Island,Illinois,http://www.blackhawkgemandmineralclub.com/
Central Illinois Gem & Mineral Club,Decatur,Illinois,http://rmkapta.wixsite.com/cigmc
Chicago Rocks & Minerals Society,Skokie,Illinois,http://www.chicagorocks.org/
Elgin Rock Club,Elgin,Illinois,http://elginrockclub.org/
"Geodeland Earth Science Clubs, Inc.",Macomb,Illinois,http://www.geodeland.com/
Lincoln Orbit Earth Science Society,Springfield,Illinois,http://www.loess.org/
Midwest Historical Research Society,Chicago,Illinois,http://www.mhrsusa.com/
Northwest Illinois Rock Club,Freeport,Illinois,http://nwilrockclubfrpt.blogspot.com/
Peoria Academy of Science Geology Section,Peoria,Illinois,http://www.pasgeology.com/
Southern Illinois Earth Science Club,Benton,Illinois,http://www.siesclub.org/
West Central Illinois Rock & Mineral Club,Macomb,Illinois,http://www.rockchatter.com/
West Suburban Lapidary Club,Elmhurst,Illinois,http://www.westsuburbanlapidaryclub.com/
500 Earth Sciences Club,Indianapolis,Indiana,http://www.500earthsciencesclub.org/
Brown County Rock and Mineral Club,Nashville,Indiana,http://browncountyrock.webs.com/
Calumet Gem & Mineral Society,Crown Point,Indiana,https://www.facebook.com/calumetrockclub
Evansville Lapidary Society,Evansville,Indiana,http://evansvillelapidarysociety.tumblr.com/
"Eastern Indiana Gem & Geological Society, Inc.",Richmond,Indiana,http://eiggs.weebly.com/
"Lawrence County Rock Club, Inc",Bedford,Indiana,http://www.lawrencecountyrockclub.org/
"Michiana Gem & Mineral Society, Inc.",South Bend,Indiana,http://www.michianagms.org/
Three Rivers Gem & Mineral Society,Fort Wayne,Indiana,http://3riversgem_mineral.tripod.com/
Cedar Valley Rocks and Minerals Society,Cedar Rapids,Iowa,http://www.cedarvalleyrockclub.org/
Des Moines Lapidary Society,Des Moines,Iowa,http://dmlapidary.org/
Geology Club @ Cornell College,Mount Vernon,Iowa,http://orgs.cornellcollege.edu/geo_club/
Iowa State University Geology Club,Ames,Iowa,https://www.facebook.com/ISUGEOCLUB/
River Valley Rockhounds,Fort Dodge,Iowa,http://amfed.org/mwf/states/Iowa/RiverValley.html
The Sac & Fox Lapidary Club,Fairfield,Iowa,http://members.iowatelecom.net/billrath/rock_club.html
McPherson Gem and Mineral Club,McPherson,Kansas,https://mcphersongemandmineralclub.org/
Olathe Gem and Mineral Society,Kansas City,Kansas,http://olathegemclub.com/
Topeka Gem & Mineral Society,Topeka,Kansas,http://www.topekagms.org/
Wichita Gem and Mineral Society,Wichita,Kansas,http://www.wgmsks.org/
Wichita Paleontological Society,Wichita,Kansas,http://www.reocities.com/CapeCanaveral/Hangar/4265/home.html
Blue Grass Gem & Mineral Club of Central Kentucky,Lexington,Kentucky,http://bggamc.homestead.com/
KYANA Geological Society,Louisville,Kentucky,http://www.kyanageo.org/
Kentucky Paleontological Society,Lexington,Kentucky,http://www.uky.edu/OtherOrgs/KPS/
Ark-La-Tex Gem & Mineral Society,Shreveport,Louisiana,http://larockclub.com/
Baton Rouge Gem & Mineral Society,Baton Rouge,Louisiana,http://www.brgemandmineral.org/
DeRidder Gem & Mineral Society,Leesville,Louisiana,https://www.facebook.com/DeRidder-Gem-Mineral-Society-1123146734440993/
Kennebec Rocks and Minerals Club,Winthrop,Maine,http://kennebec-rocksandminerals.com/
Maine Mineralogical & Geological Society,Portland,Maine,http://mainemineralclub.org/
Oxford County Mineral and Gem Association,South Paris,Maine,http://ocmgassoc.blogspot.com/
Penobscot Mineral and Lapidary Club,Milford,Maine,http://penobscotminerallapidaryclub.com/index.html
American Fossil Federation,Bowie,Maryland,http://americanfossilfederation.org/Home.html
Baltimore Mineral Society,Baltimore,Maryland,http://www.baltimoremineralsociety.org/
Calvert Marine Museum Fossil Club,Solomons,Maryland,http://www.calvertmarinemuseum.com/209/Fossil-Club
Central Maryland Rock and Mineral Collectors Exchange,Elkridge,Maryland,https://www.meetup.com/rockhounds/
Chesapeake Gem & Mineral Society,Baltimore,Maryland,http://www.chesapeakegemandmineral.org/
"Gem Cutters Guild of Baltimore, Inc.",Baltimore,Maryland,http://www.gemcuttersguild.com/
"Gem, Lapidary, and Mineral Society of Montgomery County, MD., Inc.",Rockville,Maryland,http://www.glmsmc.com/
Maryland Geological Society,Bowie,Maryland,http://www.ecphora.net/mgs/
Micromineralogists of the National Capital Area,"Washington, DC",Maryland,http://dcmicrominerals.org/
Patuxent Lapidary Guild,Annapolis,Maryland,http://www.patuxentlapidary.org/
Southern Maryland Rock and Mineral Club,Clinton,Maryland,http://www.smrmc.org/
The Mineralogical Society of the District of Columbia,"Washington, DC",Maryland,http://www.mineralogicalsocietyofdc.org/
"Boston Mineral Club, Inc.",Boston,Massachusetts,http://www.bostonmineralclub.org/
Connecticut Valley Mineral Club,Springfield,Massachusetts,http://www.cvmineralclub.org/
Micromounters of New England,Chemlsford,Massachusetts,http://micromountersofnewengland.org/
Nashoba Valley Mineralogical Society,Westford,Massachusetts,http://www.americantowns.com/ma/westford/organization/nashoba_valley_mineralogical_society
North Shore Rock & Mineral Club of Massachusetts,South Hamilton,Massachusetts,http://www.northshorerock.org/
Northern Berkshire Mineral Club,North Adams,Massachusetts,http://nbmclub.webs.com/
Southeastern Massachusetts Mineral Club,Bridgewater,Massachusetts,http://semmc.com/
Worcester Mineral Club,Worcester,Massachusetts,http://worcestermineralclub.org/
"Big Rapids Rock, Gem & Mineral Club",Big Rapids,Michigan,https://sites.google.com/site/bigrapidsrockgemmineralclub/
Central Michigan Lapidary and Mineral Society,Lansing,Michigan,http://michrocks.org/
Copper Country Rock and Mineral Club,Dollar Bay,Michigan,http://www.ccrmc.info/
Flint Rock and Gem Club,Flint,Michigan,http://www.flintrockandgem.org/
Grand Traverse Area Rock and Mineral Club,Traverse City,Michigan,http://tcrockhounds.com/
Indian Mounds Rock & Mineral Club,Wyoming,Michigan,http://www.indianmoundsrockclub.com/
Ishpeming Rock and Mineral Club,Ishpeming,Michigan,http://www.ishpemingrocks.org/
Kalamazoo Geological & Mineral Society,Kalamazoo,Michigan,http://kalamazoorockclub.org/
Livingston Gem & Mineral Society,Howell,Michigan,http://www.livingstongemandmineralsociety.com/
Michigan Gem & Mineral Society,Michigan Center,Michigan,http://mgmsrockclub.com/
Michigan Mineralogical Society,Bloomfield Hills,Michigan,https://www.michmin.org/
Mid-Michigan Rock Club,Midland,Michigan,http://www.midmichrockclub.com/?Page=1
Midwest Faceters' Guild,Grand Rapids,Michigan,http://www.midwestfaceters.org/
Midwest Mineralological & Lapidary Society,Taylor,Michigan,http://www.mmls.us/
Mikenauk Rock and Gem Club,Roscommon,Michigan,http://mikenaukclub.weebly.com/
Mount Clemens Gem & Lapidary Society,Mt. Clemens,Michigan,http://mcgls.org/
Oakland County Earth Science Club,Waterford,Michigan,http://www.ocesc.com/
Roamin Club,Livonia,Michigan,https://roaminrockclub.weebly.com/
StateLine Gem & Mineral Society,Morenci,Michigan,http://statelinegms.com/
"Tulip City Gem & Mineral Club, Inc.",Holland,Michigan,http://www.tulipcity.org/
Anoka County Gem & Mineral Club,Minneapolis,Minnesota,http://www.amfed.org/mwf/states/Minnesota/AnokaGem.html
Carlton County Gem and Mineral Club,Cloquet,Minnesota,https://www.facebook.com/groups/891164997610511/
"Cuyuna Rock, Gem and Mineral Society",Brainerd,Minnesota,http://cuyunarockclub.org/wp/
Minnesota Mineral Club,Falcon Heights,Minnesota,https://minnesotamineralclub.org/
Minnesota Valley Gem & Mineral Club,Mankato,Minnesota,http://www.mnvalleygemandmineralclub.com/
St Croix Rockhounds,Stillwater,Minnesota,http://stcroixrockhounds.org/
Steele County Gem and Mineral Club,Owatonna,Minnesota,https://www.facebook.com/Steele-County-Gem-and-Mineral-Club-176177772423634/
"Harrison County Gem & Mineral Society, Inc.",Gulfport,Mississippi,http://www.gulfportgems.org/
Mississippi Gem & Mineral Society,Jackson,Mississippi,http://missgems.org/
Mississippi Geological Society,Jackson,Mississippi,http://www.missgeo.com/
Mississippi Gulf Coast Gem and Mineral Society,Ocean Springs,Mississippi,http://www.mgcgms.org/
North Mississippi Gem and Mineral Society,Tupelo,Mississippi,http://www.nmgms.org/
Central Missouri Rock and Lapidary Club,Columbia,Missouri,http://www.cmrlc.org/
Independence Gem & Mineral Society,Independence,Missouri,http://www.igams.co/
Missouri Valley Gem & Mineral Society,St. Joseph,Missouri,http://www.movalleyrockclub.com/
"Mozarkite Society of Lincoln, Inc.",Lincoln,Missouri,http://www.mozarkite.com/
Ozark Mountain Gem & Mineral Society,Springfield,Missouri,https://www.facebook.com/omgms.57
Rock Hobby Club of Greater Saint Louis,St. Louis,Missouri,xxxxxhttp://rockhobby.stlearthsci.org/Home.aspxxxxxx
Rockwood Gem & Mineral Society,St. Louis,Missouri,http://rockwood.stlearthsci.org/
St. Louis Mineral & Gem Society,St. Louis,Missouri,http://www.stlrockclub.com/
"Show Me Gems & Minerals Club, Inc.",St. Peters,Missouri,http://showme.stlearthsci.org/
Show-Me Rockhounds Kansas City,Kansas City,Missouri,https://showmerockhounds.com/
"Billings Gem & Mineral Club, Inc.",Billings,Montana,http://www.billingsgemclub.com/
Bitterroot Gem & Mineral Society,Corvallis,Montana,http://www.ravalligemandmineralclub.org/
Bozeman Gem and Mineral Club,Bozeman,Montana,http://bozemangemandmineralclub.com/
Hellgate Mineral Society,Missoula,Montana,https://www.facebook.com/HellgateMineralSociety/
Kalispell Rockhound Club,Kalispell,Montana,http://www.kalispellrockhounds.org/
"Lincoln Gem & Mineral Club, Inc.",Lincoln,Nebraska,https://www.lincolngemmineralclub.org/
Comstock Gold Prospectors,Reno,Nevada,http://cgpgold.org/
Great Basin Gem & Mineral Club,Carson City,Nevada,http://greatbasingemandmineralclub.rocks/
High Desert Rockers,Carson City,Nevada,https://highdesertrockers.wordpress.com/
Nye Gold Seekers,Pahrump,Nevada,http://nyegoldseekers.webs.com/
Reno Gem and Mineral Society,Reno,Nevada,http://www.renorockhounds.com/
Southern Nevada Gem and Mineral Society,Las Vegas,Nevada,http://www.snvgms.org/
Capital Mineral Club,Concord,New Hampshire,http://www.capitalmineralclub.org/
Keene Mineral Club,Keene,New Hampshire,https://sites.google.com/site/keenemineralclub/home
Saco Valley Gem and Mineral Club,Conway,New Hampshire,http://www.sacovalleygemandmineralclub.org/
Southeastern New Hampshire Mineral Club,Dover,New Hampshire,https://www.senhmc.org/
Cape Atlantic Rockhounds Inc.,Cologne,New Jersey,http://www.capeatlanticrockhounds.com/
Delaware Valley Earth Science Society,Woodbury,New Jersey,http://www.dvess.org/
Friends of Mineralogy - New Jersey Chapter,Marlboro Township,New Jersey,https://fomnj.wordpress.com/
Morris Museum Mineralogical Society,Morristown,New Jersey,http://morrismuseum.org/mineral-society/
"New Jersey Mineralogical Society, Inc",Mountainside,New Jersey,http://www.njmin.org/
"North Jersey Mineralogical Society, Inc.",Paterson,New Jersey,http://www.nojms.webs.com/
Albuquerque Gem & Mineral Club,Albuquerque,New Mexico,http://www.agmc.info/
Carlsbad Gem and Mineral Society,Carlsbad,New Mexico,http://www.carlsbadgms.org/
Deming Gem & Mineral Society,Deming,New Mexico,http://www.thedgms.com/
"Grant County Rolling Stones Gem & Mineral Society, Inc.",Silver City,New Mexico,http://rollingstonesgms.blogspot.com/
Los Alamos Geological Society,Los Alamos,New Mexico,http://pweb.netcom.com/~hoffmans/LAGS.html
"Buffalo Geological Society, Inc.",Buffalo,New York,http://www.bgsny.org/
Capital District Mineral Club,Albany,New York,http://capitaldistrictmineralclub.com/
"Gem and Mineral Society of Syracuse, Inc.",Syracuse,New York,https://www.facebook.com/gmss.us/
Island Rockhounds Inc.,Bellmore,New York,http://www.islandrockhounds.org/
Long Island Mineral & Geology Society,Jamesport,New York,http://www.limineralandgeology.com/LiMags/Home.html
Mid-Hudson Valley Gem and Mineral Society Inc.,Poughkeepsie,New York,http://mhvgms.org/index.html
Nassau Mineral Club,Glen Cove,New York,http://nassaumineralclub.org/
New York Mineralogical Club,NYC,New York,http://www.newyorkmineralogicalclub.org/
New York Paleontological Society,NYC,New York,http://www.nyps.org/index.htm
Orange County Mineral Society,Middletown,New York,http://www.orangecountymineralsocietynewyork.com/
Rochester Academy of Science,Rochester,New York,http://www.rasny.org/
Rochester Lapiday Society,Rochester,New York,http://www.rochesterlapidary.org/
St. Lawrence County Rock & Mineral Club,Canton,New York,http://stlawrencecountymineralclub.org/
Suffolk Gem & Mineral Club,Bay Shore,New York,http://www.suffolkgem.com/
Wayne County Gem and Mineral Club,Newark,New York,http://www.wcgmc.org/
Cape Fear Mineral & Gem Society,Fayetteville,North Carolina,http://www.mercergarden.com/GemClub.html
Catawba Valley Gem & Mineral Club,Hickory,North Carolina,http://www.cvgmc.com/
Central North Carolina Mineral Club,Chapel Hill,North Carolina,http://www.centralncmineralclub.org/
Charlotte Gem & Mineral Club,Charlotte,North Carolina,http://www.charlottegem.com/
Forsyth Gem and Mineral Club,Winston-Salem,North Carolina,http://www.forsythgemclub.com/fgmcmain.html
"Gaston Gem, Mineral and Faceters Club",Gastonia,North Carolina,http://gastongemclub.weebly.com/
Gem & Mineral Society of Franklin,Franklin,North Carolina,http://www.fgmm.org/
Greensboro Gem & Mineral Club,Greensboro,North Carolina,http://www.ggmc-rockhounds.com/
Henderson County Gem and Mineral Society,Hendersonville,North Carolina,http://hcgms.com/index.html
Mountain Area Gem and Mineral Association (MAGMA),Asheville,North Carolina,http://www.wncrocks.com/magma/magma.html
North Carolina Fossil Club,Raleigh,North Carolina,http://www.ncfossilclub.org/
Southern Appalachian Mineral Society,Asheville,North Carolina,http://www.main.nc.us/sams/
Tar Heel Gem & Mineral Club,Raleigh,North Carolina,http://www.tarheelclub.org/
Central Dakota Gem & Mineral Society,Bismarck,North Dakota,https://ndrockclub.org/
Brukner Gem and Mineral Club,Troy,Ohio,http://www.bruknergemandmineralclub.com/
Cincinnati Mineral Society,Cincinnati,Ohio,http://mineralsociety.org/
Columbus Rock and Mineral Society,Columbus,Ohio,http://www.columbusrockandmineralsociety.org/
Dayton Gem & Mineral Society,Kettering,Ohio,https://www.facebook.com/The-Dayton-Gem-Mineral-Society-140478502678195/
Dry Dredgers,Cincinnati,Ohio,http://drydredgers.org/
Greater Cincinati Lapidary and Faceting Society,Loveland,Ohio,http://cincinnatilapidary.weebly.com/
North Coast Fossil Club,Cleveland,Ohio,http://ncfclub.org/
Ohio Geological Society,Worthington,Ohio,https://ohiogeosoc.org/
Parma Lapidary Club,Cleveland,Ohio,http://www.parmalapidary.com/
Richland Lithic & Lapidary Society,Mansfield,Ohio,http://rlls.webs.com/
Summit Lapidary Club,Cuyahoga Falls,Ohio,http://lapidaryclubofohio.org/
Toledo Gem & Rockhound Club,Toledo,Ohio,http://rockyreader.com/
"Ada Gem, Mineral and Fossil Club",Ada,Oklahoma,http://www.freewebs.com/agmfc/
Enid Gem & Mineral Society,Enid,Oklahoma,http://www.enidgemandmineral.org/
Oklahoma Mineral and Gem Society,Oklahoma City,Oklahoma,http://omgs-minerals.org/
Shawnee Gem and Mineral Society,Shawnee,Oklahoma,https://www.facebook.com/Shawnee-Gem-and-Mineral-Society-524175917629452/
Tulsa Rock and Mineral Society,Tulsa,Oklahoma,http://www.ttownrockhound.org/
Tahlequah Rock and Mineral Society,Tahlequah,Oklahoma,http://tramsok.webs.com/
Central Oregon Rock Collectors,Redmond,Oregon,https://corockcollectors.com/
Clackamette Mineral and Gem Club,Oregon City,Oregon,http://www.clackamettegem.org/
Columbia-Willamette Faceters' Guild,Portland/West Linn,Oregon,http://facetersguild.com/
FarWest Lapidary & Gem Society,North Bend,Oregon,http://www.farwestlapidary.org/
Hatrockhounds Gem and Mineral Society,Hermiston,Oregon,http://jall23.wixsite.com/hatrockhounds
Millennium Diggers Club,Portland,Oregon,http://www.millenniumdiggers.com/
Mt Hood Rock Club,Gresham,Oregon,https://mthoodrockclub.wordpress.com/
North American Research Group,Hillsboro,Oregon,http://narg-online.com/
"Oregon Agate & Mineral Society, Inc.",Portland,Oregon,http://www.oregonagate.org/
Oregon Coast Agate Club,Newport,Oregon,http://www.coastagates.org/
Prineville Rockhound Pow-Wow Assoc.,Prineville,Oregon,http://prineville.rocks/
Rock and Arrowhead Club of Klamath Falls,Klamath Falls,Oregon,http://www.klamathrockclub.org/
Springfield Thunderegg Rock Club,Springfield,Oregon,http://thundereggrockclub.blogspot.com/
Tualatin Valley Gem Club,Forest Grove,Oregon,https://tvrgc.org/
"Willamette Agate and Mineral Society, Inc.",Salem,Oregon,http://www.wamsi.net/
"Central Pennsylvania Rock and Mineral Club, Inc.",Harrisburg,Pennsylvania,http://www.rockandmineral.org/
"Che-Hanna Rock and Mineral Club, Inc.",Sayre,Pennsylvania,http://www.chehannarocks.com/
Delaware Valley Paleontological Society,Philadelphia,Pennsylvania,https://sites.google.com/site/dvpspaleo/
Franklin County Rock and Mineral Club,Chambersburg,Pennsylvania,https://www.facebook.com/Franklin-County-Rock-and-Mineral-Club-1601767103396099/
Friends of Mineralogy - Pennsylvania Chapter,St. Peters,Pennsylvania,http://www.rasloto.com/FM/
Gem City Rock and Mineral Society,Erie,Pennsylvania,http://www.gemcityrockclub.org/
Leidy Microscopical Society,Fairless Hills,Pennsylvania,http://leidymicroscopical.com/
"Mason-Dixon Rock, Mineral, Gemological, & Lapidary Club",Hanover,Pennsylvania,http://topgemz.com/
Mineralogical Society of Northeastern Pennsylvania,Moosic,Pennsylvania,http://msnepa.org/
Monongahela Rockhounds,Pittsburgh,Pennsylvania,http://www.monongahelarockhounds.org/
Monroe County Earth Science Association,Stroudsburg,Pennsylvania,http://www.mdsysconsulting.com/MCESA/
Moraine Rockbusters,Mars,Pennsylvania,http://www.morainerockbusters.org/
Nittany Mineralogical Society,State College,Pennsylvania,http://www.nittanymineral.org/
Pennsylvania Earth Sciences Association,Whitehall,Pennsylvania,http://www.mineralfest.com/
Philadelphia Mineralogical Society,Philadelphia,Pennsylvania,http://www.phillyrocks.org/
Pittsburgh Geological Society,Pittsburgh,Pennsylvania,http://www.pittsburghgeologicalsociety.org/index.html
Tuscarora Lapidary Society,Brookhaven,Pennsylvania,http://www.lapidary.org/
"Rhode Island Mineral Hunters, Inc.",Warwick,Rhode Island,http://rimh.us/
Aiken Gem and Mineral Society,Aiken,South Carolina,http://www.aikengmfs.org/
Columbia Gem & Mineral Society,Columbia,South Carolina,http://www.cgams.org/
Lowcountry Gem and Mineral Society,North Charleston,South Carolina,http://lowcountrygemandmineralsociety.org/
Pendleton District Gem and Mineral Society,Central,South Carolina,http://www.woodsmere.com/pdgms/
Western South Carolina Gem and Mineral Society,Greenville,South Carolina,http://www.wescagem.org/
Sioux Empire Gem and Mineral Society,Sioux Falls,South Dakota,http://www.segams.org/
Western Dakota Gem & Mineral Society,Rapid City,South Dakota,http://www.wdgms.org/
Knoxville Gem & Mineral Society,Knoxville,Tennessee,http://www.knoxrocks.org/
Memphis Archaeological & Geological Society,Memphis,Tennessee,http://www.memphisgeology.org/
Middle Tennessee Rockhounds,Nashville,Tennessee,http://www.rockhound.org/
Mid-Tennessee Gem and Mineral Society,"Murfreesboro, Donelson, Tullahoma",Tennessee,http://www.mtgms.org/
Arlington Gem and Mineral Club,Arlington,Texas,http://www.agemclub.org/
Austin Gem and Mineral Society,Austin,Texas,http://www.austingemandmineral.org/index.html
Central Texas Gem & Mineral Society,Abilene,Texas,http://rockclub.txol.net/
Chihuahuan Desert Gem and Mineral Club,Alpine,Texas,http://www.cdgmc.org/
Clear Lake Gem and Mineral Society,Houston,Texas,http://www.clgms.org/
"Cowtown Gem, Mineral & Glass Society",Fort Worth,Texas,http://cera-fw.org/gem-mineral-glass/
Dallas Gem and Mineral Society,Dallas,Texas,http://www.dallasgemandmineral.org/
Dallas Paleontological Society,Dallas,Texas,https://dps.wildapricot.org/
East Texas Gem and Mineral Society,Tyler,Texas,http://www.etgms.com/
"El Paso Mineral and Gem Society, Inc.",El Paso,Texas,http://www.epmgs.com/
Fort Worth Gem and Mineral Club,Fort Worth,Texas,http://www.fortworthgemandmineralclub.org/
Fredericksburg Rockhounds,Fredericksburg,Texas,http://fredericksburgrockhounds.org/
Geological Society of San Antonio,San Antonio,Texas,http://www.geosa.org/
"Golden Spread Gem, Mineral and Treasure Society",Amarillo,Texas,http://www.amarillotreasure.com/
Gulf Coast Gem & Mineral Society,Corpus Christi,Texas,http://www.gcgms.org/
Houston Gem and Mineral Society,Houston,Texas,http://www.hgms.org/
Lubbock Gem and Mineral Society,Lubbock,Texas,http://www.lubbockgemandmineral.org/
"Midland Gem and Mineral Society, Inc.",Midland,Texas,https://www.facebook.com/midlandgemandmineral/
Oak Cliff Gem and Mineral Society,Dallas,Texas,http://www.ocgemandmineral.com/
Paleontological Society of Austin,Austin,Texas,http://www.austinpaleo.org/
Pine Country Gem & Mineral Society,Jasper,Texas,http://www.pinecountry-gms.org/
Piney Woods Gem & Mineral Society,Huntsville,Texas,http://www.pwgms.org/
Pleasant Oaks Gem & Mineral Club,Dallas,Texas,http://www.pogmc.org/
"Rollin' Rock Club, Inc.",Rollin' Rock Club Of Texas And Any Other State Or Country Of The World and Outer Space,Texas,https://sites.google.com/site/rollinrockclub/
South Texas Geological Society,San Antonio,Texas,http://www.stgs.org/
Southwest Gem and Mineral Society,San Antonio,Texas,http://www.swgemandmineral.org/
Texas Faceters Guild,Houston,Texas,http://texasfacetersguild.org/
"Tri-City Gem and Mineral Society, Inc.",Temple,Texas,https://www.facebook.com/midlandgemandmineral/
Waco Gem and Mineral Club,Waco,Texas,http://www.wacogemandmineral.org/
Williamson County Gem and Mineral Society,Georgetown,Texas,http://www.wcgms.org/
"Wise County Fossil, Rock and Mineral Society",Decatur,Texas,http://wisecofossilrockandmineralsoc.weebly.com/
Beehive Rock and Gem Club,Ogden,Utah,http://www.beehiverockandgem.com/
Cache Rock and Gem Club,Smithfield,Utah,http://cacherockgemclub.weebly.com/
Golden Spike Gem & Mineral Society,Ogden,Utah,http://goldenspikegem.org/
Mineral Collectors of Utah,Salt Lake City,Utah,http://m-c-u.org/
Moab Rock Club,Moab,Utah,https://www.facebook.com/Moab-Rock-Club-1508131859497762/
Rockhounders Outreach for Community Knowledge,Sandy,Utah,http://www.rockhoundersock.com/
Timpanogos Gem & Mineral Society,Provo,Utah,http://timprocks.weebly.com/
Tooele Gem & Mineral Society,Tooele,Utah,https://www.facebook.com/Tooele-Gem-Mineral-Society-1742342656045404/
Wasatch Gem Society,Salt Lake City,Utah,http://www.wasatchgemsociety.com/
Burlington Gem and Mineral Club,Burlington,Vermont,http://www.burlingtongemandmineralclub.org/
Rutland Rock & Mineral Club,Rutland,Vermont,http://www.rutlandrockmineralclub.50webs.com/
"Gem and Mineral Hunters, Inc.",Manassas,Virginia,http://www.gmhonline.org/
Gem and Mineral Society of Lynchburg,Lynchburg,Virginia,http://www.lynchburgrockclub.org/
Gem and Mineral Society of the Virginia Peninsula,Hampton,Virginia,http://www.gmsvp.org/
"Northern Virginia Mineral Club, Inc.",Arlington,Virginia,http://www.novamineralclub.org/
Richmond Gem & Mineral Society,Richmond,Virginia,http://www.rgms-va.info/
Roanoke Valley Mineral & Gem Society,Roanoke,Virginia,https://www.facebook.com/RVMGS/
Shenandoah Valley Gem & Mineral Society,Waynesboro,Virginia,http://www.shenandoahvalleyrockclub.org/
Tidewater Gem & Mineral Society,Virginia Beach,Virginia,http://tgms.weebly.com/
"Bellevue Rock Club, Inc.",Bellevue,Washington,http://www.bellevuerockclub.org/
Cascade Mineralogical Society Inc,Kent,Washington,http://www.cascademineralogicalsociety.org/
Clallam County Gem & Mineral Association,Port Angeles,Washington,http://www.olympicrocks.com/
Darrington Rock & Gem Club,Darrington,Washington,https://www.facebook.com/DarringtonRGC/
East KingCo Rock Club,Kirkland,Washington,http://www.eastkingco.org/
Everett Rock & Gem Club,Everett,Washington,http://www.everettrockclub.com/
Ginkgo Mineral Society,Wenatchee,Washington,http://wenatcheerockclub.org/
Kitsap Mineral and Gem Societ,Bremerton,Washington,http://www.kmgs.org/
"Lakeside Gem & Mineral Club, Inc.",Kennewick,Washington,http://www.lakesidegemandmineralclub.com/
Maplewood Rock & Gem Community Club,Edmonds,Washington,http://www.maplewoodrockclub.com/
Marcus Whitman Gem and Mineral Society,Walla Walla,Washington,https://www.sites.google.com/site/mwgemandmineral/
"Marysville Rock & Gem Club, Inc.",Marysville,Washington,https://sites.google.com/site/marysvillerockngemclub/
Mount Baker Rock And Gem Club,Bellingham,Washington,http://mtbakerrockclub.org/
North American Miners Association,Kent,Washington,http://www.namaminers.org/
North Puget Sound Facetors Guild,Mount Vernon,Washington,http://www.facetguild.com/
Northwest Paleontological Association,Puget Sound,Washington,http://nwpaleo.org/
Panorama Gem & Mineral Club,Arden,Washington,http://panoramagem.com/
Puyallup Valley Gem & Mineral Club,Puyallup,Washington,https://www.facebook.com/PuyallupValleyGemClub
Skagit Rock and Gem Club,Mt. Vernon,Washington,https://www.skagitrockandgem.com/
Spokane Rock Rollers Club,Spokane Valley,Washington,http://www.rockrollers.org/WP/
North Seattle Lapidary & Mineral Club,Seattle,Washington,http://www.northseattlerockclub.org
Washington Agate and Mineral Society,Olympia,Washington,https://wamsolympia.wordpress.com
West Seattle Rock Club,Seattle,Washington,http://www.westseattlerockclub.org/
Yakima Rock & Mineral Club,Yakima,Washington,http://www.yakimarockclub.com/
Kanawha Rock and Gem Club,Charleston,West Virginia,http://www.kanawharockandgemclub.org/
Prehistoric West Virginia,Morgantown,West Virginia,http://prehistoricplanet.com/wv/
West Virginia Fossil Club Inc,Clarksburg,West Virginia,http://www.westvirginiafossilclub.com/
"Badger Lapidary & Geological Society, Inc.",Monroe,Wisconsin,http://www.badgerrockclub.org/
Coulee Rock Club of La Crosse,La Crosse,Wisconsin,https://www.facebook.com/pages/The-Coulee-Rock-Club/182345351787782
Heart of Wisconsin Gem & Mineral Society,Marshfield & Stevens Point,Wisconsin,https://www.heartofwisconsinrocks.com/
Kettle Moraine Geological Society,Pewaukee,Wisconsin,http://www.kmgsrocks.com/
Lakeland Gem Club,Minocqua,Wisconsin,http://www.lakelandgemclub.com/
Madison Gem and Mineral Club,Madison,Wisconsin,http://www.madisonrockclub.org/
Northwest Wisconsin Gem & Mineral Society,Cameron,Wisconsin,http://www.cameronamericanlegion.org/rockclub.html
Oshkosh Earth Science Club,Oshkosh,Wisconsin,https://sites.google.com/site/oshkoshearthscienceclub/home
"Racine Geological Society, Inc",Racine,Wisconsin,http://rgs-wi.tripod.com/
Weis'n'Miners Geology Club,Menasha,Wisconsin,http://www.weismuseum.org/geology-club.html
Wisconsin Geological Society,West Allis,Wisconsin,http://www.wisgeologicalsociety.com/
Cody 59ers Rock Club,Cody,Wyoming,http://www.cody59ers.com/
Riverton Mineral and Gem Society,Riverton,Wyoming,http://www.rivertonmgs.com/
Wyoming State Mineral and Gem Society,Cody,Wyoming,http://wymineralandgemsociety.org
